<?xml version="1.0" encoding="UTF-8"?>
<project-private xmlns="http://www.netbeans.org/ns/project-private/1">
    <editor-bookmarks xmlns="http://www.netbeans.org/ns/editor-bookmarks/2" lastBookmarkId="0"/>
    <open-files xmlns="http://www.netbeans.org/ns/projectui-open-files/2">
        <group>
            <file>file:/E:/Users/Hugo/Documents/Programación/Tema%2011%20-%20Ficheros/Práctica%2014/Ejercicio%2013/src/ejercicio/pkg13/Alumno.java</file>
            <file>file:/E:/Users/Hugo/Documents/Programación/Tema%2011%20-%20Ficheros/Práctica%2014/Ejercicio%2013/src/ejercicio/pkg13/Ejercicio13.java</file>
        </group>
    </open-files>
</project-private>
