<?xml version="1.0" encoding="UTF-8"?>
<project-private xmlns="http://www.netbeans.org/ns/project-private/1">
    <editor-bookmarks xmlns="http://www.netbeans.org/ns/editor-bookmarks/2" lastBookmarkId="0"/>
    <open-files xmlns="http://www.netbeans.org/ns/projectui-open-files/2">
        <group>
            <file>file:/E:/Users/Hugo/Documents/Programación/Tema%206%20-%20Arrays/Arrays%20Bidimensionales/Ejercicio%204/src/ejercicio/pkg4/Jugador.java</file>
            <file>file:/E:/Users/Hugo/Documents/Programación/Tema%206%20-%20Arrays/Arrays%20Bidimensionales/Ejercicio%204/src/ejercicio/pkg4/Ejercicio4.java</file>
        </group>
    </open-files>
</project-private>
